Title;Quantity;SaleDate
Тонизирующее очищающее средство 2 в 1;2;2019-09-29
Антивозрастная коллекция Освежающий тоник Цветочный;1;2019-12-15
Гималайская грязевая маска антиоксидантная;2;2019-02-17
Коллекция Сияние, Очищающая крем-пенка Лимон Мейера;3;2019-04-01
Подарочный набор Travel, в Командировку, мужской;2;2019-01-01
Розовое растительное мыло;3;2019-05-25
Массажный крем для лица с увлажняющим и тонизирующим эффектом;3;2019-07-29
Гранатовый дневной крем-лифтинг;2;2019-03-27
Ухаживающее масло для лица, восстанавливает кожу;3;2019-10-23
Увлажняющий 24-часовой крем против морщин;3;2019-03-03
Масло для лица массажное, с эффектом Лифтинга;2;2019-02-18
Эфирное масло лаванды;1;2019-10-03
Розовый разглаживающий увлажняющий крем;1;2019-11-12
Универсальный питательный крем SKIN FOOD;1;2019-02-12
Тоник для лица, Успокаивающий, для всех типов кожи;3;2019-11-01
Тонизирующий крем для лица;2;2019-06-10
Увлажняющий крем;3;2019-06-22
Подарочный набор Глубокое Очищение;2;2019-07-16
Масло для лица массажное, с эффектом Лифтинга;1;2019-01-07
Крем-маска WOW EFFECT омолаживающая для лица натуральная;2;2019-07-14
Тонизирующая сыворотка для лица;2;2019-11-17
Очищающий гель для умывания;3;2019-08-25
Масло для лица массажное, с эффектом Лифтинга;3;2019-06-07
Ухаживающее масло для лица, восстанавливает кожу;3;2019-02-08
Крем питательный тонизирующий ночной;2;2019-01-12
Гранатовая интенсивная сыворотка-лифтинг;1;2019-05-16
Крем-маска WOW EFFECT омолаживающая для лица натуральная;1;2019-05-25
Гималайская грязевая маска восстанавливающая;3;2019-12-26
Эфирное масло лимона;1;2019-07-29
Эфирное масло лемонграсс;2;2019-12-31
Эфирное масло жасмин;3;2019-03-08
Сыворотка для лица с гиалуроновой кислотой, для сухой и чувствительной кожи;2;2019-08-12
Деликатный питательный крем;3;2019-11-18
Пенка для умывания, для нормальной кожи;2;2019-08-06
Деликатное питательное масло для лица;2;2019-02-25
S.O.S. средство против локальных несовершенств кожи;1;2019-05-28
Ухаживающее масло, против сухости кожи;1;2019-11-24
Эфирное масло лаванды;2;2019-10-03
Органический тонер с экстрактом Розы;2;2019-10-11
Солнцезащитный лосьон для лица и тела;1;2019-11-23
Крем-маска WOW EFFECT омолаживающая для лица натуральная;1;2019-07-25
Крем питательный тонизирующий ночной;2;2019-08-21
Гималайская грязевая маска антиоксидантная;2;2019-04-09
Коллекция Кокосовая, Увлажняющий ночной крем с экстрактами кактуса;3;2019-10-10
Масло для лица массажное, с эффектом Лифтинга;2;2019-07-03
Гранатовый ночной крем-лифтинг;2;2019-03-25
Тоник для лица, для жирной и проблемной кожи;3;2019-09-22
Сыворотка COUPEROSE укрепляющая сосуды натуральная;1;2019-03-03
Ухаживающее масло для лица, восстанавливает кожу;3;2019-08-21
Эфирное масло бергамота;3;2019-03-11
Крем PERFECT выравнивающий тон лица натуральный;1;2019-04-28
Ухаживающее масло, против сухости кожи;2;2019-12-27
Эфирное масло мелиссы;3;2019-12-09
Тоник для ухода за жирной и комбинированной кожей;1;2019-10-02
Крем PERFECT выравнивающий тон лица натуральный;3;2019-11-18
Деликатное очищающее молочко;2;2019-01-28
Деликатный питательный крем;3;2019-10-22
Очищающий гель для умывания;2;2019-09-06
Чистящая пена-гель для лица;2;2019-12-04
Очищающая коллекция Ночной восстанавливающий крем для лица;2;2019-04-10
Сыворотка для лица с гиалуроновой кислотой, для нормальной кожи;1;2019-02-13
Эфирное масло перечной мяты;1;2019-08-12
Сыворотка для лица с гиалуроновой кислотой, для нормальной кожи;1;2019-02-05
Гранатовый ночной крем-лифтинг;1;2019-11-02
Натуральная пенка для умывания, с ароматом розового дерева;3;2019-11-03
Тоник ACTIVE для возрастной кожи лица натуральный;1;2019-02-25
Специальный крем для клеточного восстановления;1;2019-05-15
Коллекция Кокосовая, Очищающая пенка для лица с экстрактами кактуса;3;2019-02-03
Увлажняющая эмульсия для лица;3;2019-08-06
Эфирное масло перечной мяты;1;2019-01-09
Пенка для умывания, для нормальной кожи;2;2019-04-08
Подарочный набор Супер Увлажнение;2;2019-06-10
Эфирное масло лаванды;2;2019-11-06
Тоник для лица, для жирной и проблемной кожи;3;2019-05-16
Пенка для умывания Натуральная, Лимон и корица;2;2019-11-27
Маска-пленка для глубокого очищения пор;3;2019-12-23
Крем-маска WOW EFFECT омолаживающая для лица натуральная;1;2019-06-23
Подарочный набор Сияние;2;2019-06-19
Восстанавливающий крем для лица с органическим шиповником;2;2019-11-29
Маска для лица увлажняющая и тонизирующая;1;2019-12-26
Подарочный набор For HIM, Сильный мужчина;3;2019-07-08
Эфирное масло эвкалипт;2;2019-06-10
Восстанавливающий крем для лица с органическим шиповником;1;2019-03-01
Ирисовый освежающий ночной крем;3;2019-01-11
Подарочный набор Супер Увлажнение;3;2019-12-08
Очищающая коллекция Ночной восстанавливающий крем для лица;3;2019-08-18
Увлажняющая эмульсия для лица;1;2019-07-10
Тоник для лица, для жирной и проблемной кожи;2;2019-09-08
Тоник-пилинг для лица EXFOLIANT на основе фруктовых кислот натуральный;2;2019-07-16
Натуральная пенка для умывания, с ароматом розового дерева;3;2019-07-18
Крем для лица с антиоксидантами органической клюквы;3;2019-03-31
Лифтинг-сыворотка для лица;1;2019-07-25
Питательный крем для лица;1;2019-07-11
Маска-пленка для глубокого очищения пор;2;2019-07-16
Специальный крем для клеточного восстановления;1;2019-11-23
Гранатовый дневной крем-лифтинг;2;2019-08-08
Эфирное масло жасмин;3;2019-03-20
Тоник-пилинг для лица EXFOLIANT на основе фруктовых кислот натуральный;3;2019-01-29
Питательный крем для лица;2;2019-10-18
Лифтинг-сыворотка для лица;3;2019-07-05
