Product;Quantity;SaleDate
Тонизирующее очищающее средство 2 в 1;2;2019-09-29 08:59:34
Антивозрастная коллекция Освежающий тоник Цветочный;1;2019-12-15 19:02:56
Гималайская грязевая маска антиоксидантная;2;2019-02-17 11:39:54
Коллекция Сияние, Очищающая крем-пенка Лимон Мейера;3;2019-04-01 08:42:31
Подарочный набор Travel, в Командировку, мужской;2;2019-01-01 15:08:49
Розовое растительное мыло;3;2019-05-25 08:08:27
Массажный крем для лица с увлажняющим и тонизирующим эффектом;3;2019-07-29 13:37:35
Гранатовый дневной крем-лифтинг;2;2019-03-27 12:18:33
Ухаживающее масло для лица, восстанавливает кожу;3;2019-10-23 18:53:31
Увлажняющий 24-часовой крем против морщин;3;2019-03-03 08:32:34
Масло для лица массажное, с эффектом Лифтинга;2;2019-02-18 14:44:42
Эфирное масло лаванды;1;2019-10-03 19:54:58
Розовый разглаживающий увлажняющий крем;1;2019-11-12 18:41:34
Универсальный питательный крем SKIN FOOD;1;2019-02-12 17:09:02
Тоник для лица, Успокаивающий, для всех типов кожи;3;2019-11-01 15:39:50
Тонизирующий крем для лица;2;2019-06-10 11:07:03
Увлажняющий крем;3;2019-06-22 12:07:06
Подарочный набор Глубокое Очищение;2;2019-07-16 11:31:38
Масло для лица массажное, с эффектом Лифтинга;1;2019-01-07 11:22:57
Крем-маска WOW EFFECT омолаживающая для лица натуральная;2;2019-07-14 10:29:21
Тонизирующая сыворотка для лица;2;2019-11-17 17:57:46
Очищающий гель для умывания;3;2019-08-25 18:00:11
Масло для лица массажное, с эффектом Лифтинга;3;2019-06-07 10:05:11
Ухаживающее масло для лица, восстанавливает кожу;3;2019-02-08 16:40:39
Крем питательный тонизирующий ночной;2;2019-01-12 15:11:05
Гранатовая интенсивная сыворотка-лифтинг;1;2019-05-16 10:42:57
Крем-маска WOW EFFECT омолаживающая для лица натуральная;1;2019-05-25 15:29:20
Гималайская грязевая маска восстанавливающая;3;2019-12-26 19:39:58
Эфирное масло лимона;1;2019-07-29 13:38:09
Эфирное масло лемонграсс;2;2019-12-31 16:42:58
Эфирное масло жасмин;3;2019-03-08 10:24:21
Сыворотка для лица с гиалуроновой кислотой, для сухой и чувствительной кожи;2;2019-08-12 09:17:22
Деликатный питательный крем;3;2019-11-18 08:33:45
Пенка для умывания, для нормальной кожи;2;2019-08-06 13:21:49
Деликатное питательное масло для лица;2;2019-02-25 16:25:11
S.O.S. средство против локальных несовершенств кожи;1;2019-05-28 09:56:47
Ухаживающее масло, против сухости кожи;1;2019-11-24 13:21:32
Эфирное масло лаванды;2;2019-10-03 11:04:12
Органический тонер с экстрактом Розы;2;2019-10-11 13:27:50
Солнцезащитный лосьон для лица и тела;1;2019-11-23 16:12:05
Крем-маска WOW EFFECT омолаживающая для лица натуральная;1;2019-07-25 18:52:26
Крем питательный тонизирующий ночной;2;2019-08-21 10:39:22
Гималайская грязевая маска антиоксидантная;2;2019-04-09 12:02:17
Коллекция Кокосовая, Увлажняющий ночной крем с экстрактами кактуса;3;2019-10-10 11:39:43
Масло для лица массажное, с эффектом Лифтинга;2;2019-07-03 16:52:30
Гранатовый ночной крем-лифтинг;2;2019-03-25 09:35:21
Тоник для лица, для жирной и проблемной кожи;3;2019-09-22 16:57:19
Сыворотка COUPEROSE укрепляющая сосуды натуральная;1;2019-03-03 18:35:05
Ухаживающее масло для лица, восстанавливает кожу;3;2019-08-21 17:01:40
Эфирное масло бергамота;3;2019-03-11 17:02:02
Крем PERFECT выравнивающий тон лица натуральный;1;2019-04-28 08:46:31
Ухаживающее масло, против сухости кожи;2;2019-12-27 16:58:35
Эфирное масло мелиссы;3;2019-12-09 11:56:02
Тоник для ухода за жирной и комбинированной кожей;1;2019-10-02 17:30:21
Крем PERFECT выравнивающий тон лица натуральный;3;2019-11-18 17:32:43
Деликатное очищающее молочко;2;2019-01-28 17:01:30
Деликатный питательный крем;3;2019-10-22 12:34:59
Очищающий гель для умывания;2;2019-09-06 12:57:51
Чистящая пена-гель для лица;2;2019-12-04 13:10:28
Очищающая коллекция Ночной восстанавливающий крем для лица;2;2019-04-10 13:43:06
Сыворотка для лица с гиалуроновой кислотой, для нормальной кожи;1;2019-02-13 16:49:50
Эфирное масло перечной мяты;1;2019-08-12 09:33:21
Сыворотка для лица с гиалуроновой кислотой, для нормальной кожи;1;2019-02-05 10:48:29
Гранатовый ночной крем-лифтинг;1;2019-11-02 16:32:41
Натуральная пенка для умывания, с ароматом розового дерева;3;2019-11-03 13:25:34
Тоник ACTIVE для возрастной кожи лица натуральный;1;2019-02-25 18:04:08
Специальный крем для клеточного восстановления;1;2019-05-15 15:17:17
Коллекция Кокосовая, Очищающая пенка для лица с экстрактами кактуса;3;2019-02-03 08:37:25
Увлажняющая эмульсия для лица;3;2019-08-06 14:38:35
Эфирное масло перечной мяты;1;2019-01-09 10:46:52
Пенка для умывания, для нормальной кожи;2;2019-04-08 08:45:46
Подарочный набор Супер Увлажнение;2;2019-06-10 15:57:53
Эфирное масло лаванды;2;2019-11-06 10:21:22
Тоник для лица, для жирной и проблемной кожи;3;2019-05-16 16:19:03
Пенка для умывания Натуральная, Лимон и корица;2;2019-11-27 17:14:17
Маска-пленка для глубокого очищения пор;3;2019-12-23 09:03:04
Крем-маска WOW EFFECT омолаживающая для лица натуральная;1;2019-06-23 14:33:36
Подарочный набор Сияние;2;2019-06-19 15:28:05
Восстанавливающий крем для лица с органическим шиповником;2;2019-11-29 15:53:06
Маска для лица увлажняющая и тонизирующая;1;2019-12-26 08:06:58
Подарочный набор For HIM, Сильный мужчина;3;2019-07-08 15:21:09
Эфирное масло эвкалипт;2;2019-06-10 19:54:41
Восстанавливающий крем для лица с органическим шиповником;1;2019-03-01 12:00:30
Ирисовый освежающий ночной крем;3;2019-01-11 12:11:42
Подарочный набор Супер Увлажнение;3;2019-12-08 16:58:50
Очищающая коллекция Ночной восстанавливающий крем для лица;3;2019-08-18 17:09:56
Увлажняющая эмульсия для лица;1;2019-07-10 17:54:19
Тоник для лица, для жирной и проблемной кожи;2;2019-09-08 11:52:21
Тоник-пилинг для лица EXFOLIANT на основе фруктовых кислот натуральный;2;2019-07-16 09:44:46
Натуральная пенка для умывания, с ароматом розового дерева;3;2019-07-18 14:32:52
Крем для лица с антиоксидантами органической клюквы;3;2019-03-31 14:53:31
Лифтинг-сыворотка для лица;1;2019-07-25 16:30:45
Питательный крем для лица;1;2019-07-11 16:30:13
Маска-пленка для глубокого очищения пор;2;2019-07-16 13:09:03
Специальный крем для клеточного восстановления;1;2019-11-23 12:58:02
Гранатовый дневной крем-лифтинг;2;2019-08-08 18:37:15
Эфирное масло жасмин;3;2019-03-20 18:47:06
Тоник-пилинг для лица EXFOLIANT на основе фруктовых кислот натуральный;3;2019-01-29 19:09:18
Питательный крем для лица;2;2019-10-18 18:40:13
Лифтинг-сыворотка для лица;3;2019-07-05 16:03:31
